,filename,user,user_url,file_url
0,000Animal_Domestic animals_ pets_Cat_Growling_reference.wav,KristopherTiberi,https://freesound.org/people/KristopherTiberiusHaven/,https://freesound.org/people/KristopherTiberiusHaven/sounds/157166/
1,001Animal_Domestic animals_ pets_Cat_Hiss_reference.wav,secondbody,https://freesound.org/people/secondbody,https://freesound.org/people/secondbody/sounds/50357
2,002Animal_Domestic animals_ pets_Cat_Meow_reference.wav,cameronmusic,https://freesound.org/people/cameronmusic,https://freesound.org/people/cameronmusic/sounds/138404
3,003Animal_Domestic animals_ pets_Cat_Purr_reference.wav,buskieboy,https://freesound.org/people/buskieboy,https://freesound.org/people/buskieboy/sounds/126150
4,004Animal_Domestic animals_ pets_Dog_Bark_reference.wav,anton,https://freesound.org/people/anton,https://freesound.org/people/anton/sounds/157322
5,005Animal_Domestic animals_ pets_Dog_Growling_reference.wav,benboncan1,https://freesound.org/people/benboncan1,https://freesound.org/people/benboncan1/sounds/78324
6,006Animal_Domestic animals_ pets_Dog_Howl_reference.wav,gb01,https://freesound.org/people/gb01,https://freesound.org/people/gb01/sounds/155478
7,007Animal_Livestock_ farm animals_ working animals_Cattle_ bovinae_Cowbell_reference.wav,manjushri,https://freesound.org/people/manjushri,https://freesound.org/people/manjushri/sounds/210101
8,008Animal_Livestock_ farm animals_ working animals_Cattle_ bovinae_Moo_reference.wav,acclivity,https://freesound.org/people/acclivity,https://freesound.org/people/acclivity/sounds/16568
9,009Animal_Livestock_ farm animals_ working animals_Fowl_Chicken_ rooster_Cluck_reference.wav,dobroide,https://freesound.org/people/dobroide,https://freesound.org/people/dobroide/sounds/120587
10,010Animal_Livestock_ farm animals_ working animals_Fowl_Chicken_ rooster_Crowing_ cock-a-doodle-doo_reference.wav,jsbarrett,https://freesound.org/people/jsbarrett,https://freesound.org/people/jsbarrett/sounds/200339
11,011Animal_Livestock_ farm animals_ working animals_Fowl_Duck_Quack_reference.wav,squashy555,https://freesound.org/people/squashy555,https://freesound.org/people/squashy555/sounds/244329
12,012Animal_Livestock_ farm animals_ working animals_Fowl_Goose_Honk_reference.wav,lococleta,https://freesound.org/people/lococleta,https://freesound.org/people/lococleta/sounds/104791
13,013Animal_Livestock_ farm animals_ working animals_Fowl_Turkey_Gobble_reference.wav,sinatra314,https://freesound.org/people/sinatra314,https://freesound.org/people/sinatra314/sounds/67675
14,014Animal_Livestock_ farm animals_ working animals_Goat_Bleat_reference.wav,klankbeeld,https://freesound.org/people/klankbeeld,https://freesound.org/people/klankbeeld/sounds/343025
15,015Animal_Livestock_ farm animals_ working animals_Horse_Clip-clop_reference.wav,swiftoid,https://freesound.org/people/swiftoid,https://freesound.org/people/swiftoid/sounds/182504
16,016Animal_Livestock_ farm animals_ working animals_Horse_Neigh_ whinny_reference.wav,n_audioman,https://freesound.org/people/n_audioman,https://freesound.org/people/n_audioman/sounds/321950
17,017Animal_Livestock_ farm animals_ working animals_Horse_Snort (horse)_reference.wav,goodlistener,https://freesound.org/people/goodlistener,https://freesound.org/people/goodlistener/sounds/322454
18,018Animal_Livestock_ farm animals_ working animals_Pig_Oink_reference.wav,jarredgibb,https://freesound.org/people/jarredgibb,https://freesound.org/people/jarredgibb/sounds/233180
19,019Animal_Wild animals_Bird_Bird flight_ flapping wings_reference.wav,bruceosonhadordeverdade,https://freesound.org/people/bruceosonhadordeverdade,https://freesound.org/people/bruceosonhadordeverdade/sounds/98303
20,020Animal_Wild animals_Bird_Bird vocalization_ bird call_ bird song_Chirp_ tweet_reference.wav,adam_n,https://freesound.org/people/adam_n,https://freesound.org/people/adam_n/sounds/164489
21,021Animal_Wild animals_Bird_Crow_Caw_reference.wav,SFXsource.com,https://freesound.org/people/SFXsource.com/,https://freesound.org/people/SFXsource.com/sounds/110337/
22,022Animal_Wild animals_Bird_Owl_Hoot_reference.wav,musicmasta11,https://freesound.org/people/musicmasta11,https://freesound.org/people/musicmasta11/sounds/251937
23,023Animal_Wild animals_Bird_Pigeon_ dove_Coo_reference.wav,squashy555,https://freesound.org/people/squashy555,https://freesound.org/people/squashy555/sounds/319512
24,024Animal_Wild animals_Frog_Croak_reference.wav,alienistcog,https://freesound.org/people/alienistcog,https://freesound.org/people/alienistcog/sounds/241978
25,025Animal_Wild animals_Insect_Bee_ wasp_ etc_Buzz_reference.wav,marekwojtaszek,https://freesound.org/people/marekwojtaszek,https://freesound.org/people/marekwojtaszek/sounds/315966
26,026Animal_Wild animals_Insect_Cricket_reference.wav,outdoor_recordings,https://freesound.org/people/outdoor_recordings,https://freesound.org/people/outdoor_recordings/sounds/362404
27,027Animal_Wild animals_Insect_Mosquito_reference.wav,zywx,https://freesound.org/people/zywx,https://freesound.org/people/zywx/sounds/188708
28,028Animal_Wild animals_Roaring cats (lions_ tigers)_Roar_reference.wav,qubodup,https://freesound.org/people/qubodup,https://freesound.org/people/qubodup/sounds/212764
29,029Animal_Wild animals_Rodents_ rats_ mice_Mouse___3Samples_reference.wav,toefur,https://freesound.org/people/toefur,https://freesound.org/people/toefur/sounds/288941
30,030Animal_Wild animals_Snake_Rattle_reference.wav,7h3_lark,https://freesound.org/people/7h3_lark,https://freesound.org/people/7h3_lark/sounds/268580
31,031Channel_ environment and background_Noise_Background noise_Mains hum_reference.wav,adamamazing,https://freesound.org/people/adamamazing,https://freesound.org/people/adamamazing/sounds/274477
32,032Channel_ environment and background_Noise_Background noise_Tape hiss_reference.wav,monotraum,https://freesound.org/people/monotraum,https://freesound.org/people/monotraum/sounds/242209
33,033Channel_ environment and background_Noise_Pink noise_reference.wav,theundecided,https://freesound.org/people/theundecided,https://freesound.org/people/theundecided/sounds/165057
34,034Channel_ environment and background_Noise_White noise_reference.wav,cdrk,https://freesound.org/people/cdrk,https://freesound.org/people/cdrk/sounds/20009
35,035Human sounds_Digestive_Biting_ Chewing_reference.wav,andreangelo,https://freesound.org/people/andreangelo,https://freesound.org/people/andreangelo/sounds/246189
36,036Human sounds_Digestive_Burping_ eructation_reference.wav,glencurtisadams,https://freesound.org/people/glencurtisadams,https://freesound.org/people/glencurtisadams/sounds/326916
37,037Human sounds_Digestive_Fart_reference.wav,ifartinurgeneraldirection,https://freesound.org/people/ifartinurgeneraldirection,https://freesound.org/people/ifartinurgeneraldirection/sounds/85137
38,038Human sounds_Digestive_Gargling_reference.wav,k1m218,https://freesound.org/people/k1m218,https://freesound.org/people/k1m218/sounds/60673
39,039Human sounds_Digestive_Hiccup_reference.wav,hephaestus,https://freesound.org/people/hephaestus,https://freesound.org/people/hephaestus/sounds/250140
40,040Human sounds_Digestive_Stomach rumble_reference.wav,mafon2,https://freesound.org/people/mafon2,https://freesound.org/people/mafon2/sounds/245822
41,041Human sounds_Hands_Clapping_reference.wav,anagar,https://freesound.org/people/anagar,https://freesound.org/people/anagar/sounds/267930
42,042Human sounds_Hands_Finger snapping_reference.wav,vckhaze,https://freesound.org/people/vckhaze,https://freesound.org/people/vckhaze/sounds/332604
43,043Human sounds_Heart sounds_ heartbeat_reference.wav,thenudo,https://freesound.org/people/thenudo,https://freesound.org/people/thenudo/sounds/146765
44,044Human sounds_Human group actions_Applause_reference.wav,littleboot,https://freesound.org/people/littleboot,https://freesound.org/people/littleboot/sounds/198091
45,045Human sounds_Human group actions_Booing_reference.wav,corsica_s,https://freesound.org/people/corsica_s,https://freesound.org/people/corsica_s/sounds/336997
46,046Human sounds_Human group actions_Cheering_reference.wav,corsica_s,https://freesound.org/people/corsica_s,https://freesound.org/people/corsica_s/sounds/337000
47,047Human sounds_Human group actions_Children shouting_reference.wav,robinhood76,https://freesound.org/people/robinhood76,https://freesound.org/people/robinhood76/sounds/68058
48,048Human sounds_Human locomotion_Run_reference.wav,nextmaking,https://freesound.org/people/nextmaking,https://freesound.org/people/nextmaking/sounds/86011
49,049Human sounds_Human locomotion_Shuffle_reference.wav,wentzelj,https://freesound.org/people/wentzelj,https://freesound.org/people/wentzelj/sounds/143932
50,050Human sounds_Human locomotion_Walk_ footsteps_reference.wav,tec studios,https://freesound.org/people/tec%20studios/,https://freesound.org/people/tec%20studios/sounds/98491/
51,051Human sounds_Human voice_Crying_ sobbing_Baby cry_ infant cry_reference.wav,panikko,https://freesound.org/people/panikko,https://freesound.org/people/panikko/sounds/144473
52,052Human sounds_Human voice_Groan_reference.wav,muses212,https://freesound.org/people/muses212,https://freesound.org/people/muses212/sounds/103072
53,053Human sounds_Human voice_Grunt_reference.wav,snaginneb,https://freesound.org/people/snaginneb,https://freesound.org/people/snaginneb/sounds/129346
54,054Human sounds_Human voice_Humming_reference.wav,mahakush,https://freesound.org/people/mahakush,https://freesound.org/people/mahakush/sounds/368817
55,055Human sounds_Human voice_Laughter_Baby laughter_reference.wav,soundscalpel.com,https://freesound.org/people/soundscalpel.com/,https://freesound.org/people/soundscalpel.com/sounds/110392/
56,056Human sounds_Human voice_Laughter_Chuckle_ chortle_reference.wav,silversatyr,https://freesound.org/people/silversatyr,https://freesound.org/people/silversatyr/sounds/333271
57,057Human sounds_Human voice_Laughter_Giggle_reference.wav,leszekstan,https://freesound.org/people/leszekstan,https://freesound.org/people/leszekstan/sounds/345022
58,058Human sounds_Human voice_Screaming_reference.wav,jorickhoofd,https://freesound.org/people/jorickhoofd,https://freesound.org/people/jorickhoofd/sounds/180313
59,059Human sounds_Human voice_Shout_Children shouting_reference.wav,arnaud coutancier,https://freesound.org/people/arnaud%20coutancier,https://freesound.org/people/arnaud%20coutancier/sounds/351628/
60,060Human sounds_Human voice_Shout_Whoop_reference.wav,cgeffex,https://freesound.org/people/cgeffex,https://freesound.org/people/cgeffex/sounds/99966
61,061Human sounds_Human voice_Shout_Yell_reference.wav,jorickhoofd,https://freesound.org/people/jorickhoofd,https://freesound.org/people/jorickhoofd/sounds/180307
62,062Human sounds_Human voice_Sigh_reference.wav,tgfcoder,https://freesound.org/people/tgfcoder,https://freesound.org/people/tgfcoder/sounds/146769
63,063Human sounds_Human voice_Wail_ moan_reference.wav,paulmorek,https://freesound.org/people/paulmorek,https://freesound.org/people/paulmorek/sounds/196723
64,064Human sounds_Human voice_Whispering_reference.wav,corsica_s,https://freesound.org/people/corsica_s,https://freesound.org/people/corsica_s/sounds/94750
65,065Human sounds_Human voice_Yawn_reference.wav,reitanna,https://freesound.org/people/reitanna,https://freesound.org/people/reitanna/sounds/252226
66,066Human sounds_Respiratory sounds_Breathing_Gasp_reference.wav,freqman,https://freesound.org/people/freqman,https://freesound.org/people/freqman/sounds/31359
67,067Human sounds_Respiratory sounds_Breathing_Pant_reference.wav,artmasterrich,https://freesound.org/people/artmasterrich,https://freesound.org/people/artmasterrich/sounds/345464
68,068Human sounds_Respiratory sounds_Breathing_Snoring_reference.wav,xtrgamr,https://freesound.org/people/xtrgamr,https://freesound.org/people/xtrgamr/sounds/257810
69,069Human sounds_Respiratory sounds_Cough_Throat clearing_reference.wav,reitanna,https://freesound.org/people/reitanna,https://freesound.org/people/reitanna/sounds/351161
70,070Human sounds_Respiratory sounds_Sneeze_reference.wav,vikuserro,https://freesound.org/people/vikuserro,https://freesound.org/people/vikuserro/sounds/341038
71,071Human sounds_Respiratory sounds_Sniff_reference.wav,adam_n,https://freesound.org/people/adam_n,https://freesound.org/people/adam_n/sounds/346673
72,072Human sounds_Whistling_Wolf-whistling_reference.wav,gogglecrab,https://freesound.org/people/gogglecrab,https://freesound.org/people/gogglecrab/sounds/241258
73,073Music_Musical instrument_Accordion_reference.wav,fchemotti,https://freesound.org/people/fchemotti,https://freesound.org/people/fchemotti/sounds/255223
74,074Music_Musical instrument_Bagpipes_reference.wav,dobroide,https://freesound.org/people/dobroide,https://freesound.org/people/dobroide/sounds/12641
75,075Music_Musical instrument_Bell_Bicycle bell_reference.wav,13gkopeckak,https://freesound.org/people/13gkopeckak,https://freesound.org/people/13gkopeckak/sounds/378912
76,076Music_Musical instrument_Bell_Chime_Wind chime_reference.wav,stickinthemud,https://freesound.org/people/stickinthemud,https://freesound.org/people/stickinthemud/sounds/44165
77,077Music_Musical instrument_Bell_Church bell_reference.wav,jarredgibb,https://freesound.org/people/jarredgibb,https://freesound.org/people/jarredgibb/sounds/219053
78,078Music_Musical instrument_Bell_Jingle bell_reference.wav,juskiddink,https://freesound.org/people/juskiddink,https://freesound.org/people/juskiddink/sounds/110158
79,079Music_Musical instrument_Bell_Tuning fork_reference.wav,scottferguson1,https://freesound.org/people/scottferguson1,https://freesound.org/people/scottferguson1/sounds/126352
80,080Music_Musical instrument_Bowed string instrument_Cello_reference.wav,flcellogrl,https://freesound.org/people/flcellogrl,https://freesound.org/people/flcellogrl/sounds/195693
81,081Music_Musical instrument_Bowed string instrument_Double bass_reference.wav,carlos_vaquero,https://freesound.org/people/carlos_vaquero,https://freesound.org/people/carlos_vaquero/sounds/153906
82,082Music_Musical instrument_Bowed string instrument_String section_reference.wav,kickhat,https://freesound.org/people/kickhat,https://freesound.org/people/kickhat/sounds/341795
83,083Music_Musical instrument_Bowed string instrument_Violin_ fiddle_Pizzicato_reference.wav,ldk1609,https://freesound.org/people/ldk1609,https://freesound.org/people/ldk1609/sounds/56030
84,084Music_Musical instrument_Brass instrument_Bugle_reference.wav,benboncan,https://freesound.org/people/benboncan,https://freesound.org/people/benboncan/sounds/61811
85,085Music_Musical instrument_Brass instrument_Cornet_reference.wav,thatjeffcarter,https://freesound.org/people/thatjeffcarter,https://freesound.org/people/thatjeffcarter/sounds/185433
86,086Music_Musical instrument_Brass instrument_French horn_reference.wav,taranp,https://freesound.org/people/taranp,https://freesound.org/people/taranp/sounds/361684
87,087Music_Musical instrument_Brass instrument_Trombone_reference.wav,thatjeffcarter,https://freesound.org/people/thatjeffcarter,https://freesound.org/people/thatjeffcarter/sounds/130084
88,088Music_Musical instrument_Brass instrument_Trumpet_reference.wav,mtg,https://freesound.org/people/mtg,https://freesound.org/people/mtg/sounds/357521
89,089Music_Musical instrument_Choir_reference.wav,gelo_papas,https://freesound.org/people/gelo_papas,https://freesound.org/people/gelo_papas/sounds/98208
90,090Music_Musical instrument_Didgeridoo_reference.wav,dylanbigdaddy,https://freesound.org/people/dylanbigdaddy,https://freesound.org/people/dylanbigdaddy/sounds/275268
91,091Music_Musical instrument_Harmonica_reference.wav,unclesigmund,https://freesound.org/people/unclesigmund,https://freesound.org/people/unclesigmund/sounds/31467
92,092Music_Musical instrument_Harp_reference.wav,keweldog,https://freesound.org/people/keweldog,https://freesound.org/people/keweldog/sounds/223147
93,093Music_Musical instrument_Keyboard (musical)_Harpsichord_reference.wav,sirmxe,https://freesound.org/people/sirmxe,https://freesound.org/people/sirmxe/sounds/79974
94,094Music_Musical instrument_Keyboard (musical)_Organ_Electronic organ_reference.wav,thirsk,https://freesound.org/people/thirsk,https://freesound.org/people/thirsk/sounds/121037
95,095Music_Musical instrument_Keyboard (musical)_Organ_Hammond organ_reference.wav,timbre,https://freesound.org/people/timbre,https://freesound.org/people/timbre/sounds/102047
96,096Music_Musical instrument_Keyboard (musical)_Piano_Electric piano_reference.wav,erh,https://freesound.org/people/erh,https://freesound.org/people/erh/sounds/55861
97,097Music_Musical instrument_Keyboard (musical)_Synthesizer_Mellotron_reference.wav,stellarartwars15,https://freesound.org/people/stellarartwars15,https://freesound.org/people/stellarartwars15/sounds/368407
98,098Music_Musical instrument_Keyboard (musical)_Synthesizer_Sampler_reference.wav,dstruct,https://freesound.org/people/dstruct,https://freesound.org/people/dstruct/sounds/60348
99,099Music_Musical instrument_Musical ensemble_reference.wav,zagi2,https://freesound.org/people/zagi2,https://freesound.org/people/zagi2/sounds/330686
100,100Music_Musical instrument_Orchestra_reference.wav,lukesharples,https://freesound.org/people/lukesharples,https://freesound.org/people/lukesharples/sounds/145686
101,101Music_Musical instrument_Percussion_Cowbell_reference.wav,puniho,https://freesound.org/people/puniho,https://freesound.org/people/puniho/sounds/221775
102,102Music_Musical instrument_Percussion_Cymbal_Crash Cymbal_reference.wav,britishpirate93,https://freesound.org/people/britishpirate93,https://freesound.org/people/britishpirate93/sounds/162312
103,103Music_Musical instrument_Percussion_Cymbal_Hi-hat_reference.wav,quartertone,https://freesound.org/people/quartertone,https://freesound.org/people/quartertone/sounds/137667
104,104Music_Musical instrument_Percussion_Drum kit_Drum machine_reference.wav,zmobie,https://freesound.org/people/zmobie,https://freesound.org/people/zmobie/sounds/277682
105,105Music_Musical instrument_Percussion_Drum_Bass drum_reference.wav,striptheband,https://freesound.org/people/striptheband,https://freesound.org/people/striptheband/sounds/51874
106,106Music_Musical instrument_Percussion_Drum_Snare drum_Drum roll_reference.wav,teleport8,https://freesound.org/people/teleport8,https://freesound.org/people/teleport8/sounds/28758
107,107Music_Musical instrument_Percussion_Drum_Snare drum_Rimshot_reference.wav,samulis,https://freesound.org/people/samulis,https://freesound.org/people/samulis/sounds/375397
108,108Music_Musical instrument_Percussion_Drum_Tabla_reference.wav,rhumphries,https://freesound.org/people/rhumphries,https://freesound.org/people/rhumphries/sounds/1987
109,109Music_Musical instrument_Percussion_Drum_Timpani_reference.wav,samulis,https://freesound.org/people/samulis,https://freesound.org/people/samulis/sounds/373922
110,110Music_Musical instrument_Percussion_Gong_reference.wav,timdrussell,https://freesound.org/people/timdrussell,https://freesound.org/people/timdrussell/sounds/54285
111,111Music_Musical instrument_Percussion_Mallet percussion_Glockenspiel_reference.wav,arseniiv,https://freesound.org/people/arseniiv,https://freesound.org/people/arseniiv/sounds/240605
112,112Music_Musical instrument_Percussion_Mallet percussion_Marimba_ xylophone_reference.wav,thirsk,https://freesound.org/people/thirsk,https://freesound.org/people/thirsk/sounds/120968
113,113Music_Musical instrument_Percussion_Mallet percussion_Vibraphone_reference.wav,blikmusic,https://freesound.org/people/blikmusic,https://freesound.org/people/blikmusic/sounds/353129
114,114Music_Musical instrument_Percussion_Rattle (instrument)_Maraca_reference.wav,juancamiloorjuela,https://freesound.org/people/juancamiloorjuela,https://freesound.org/people/juancamiloorjuela/sounds/204658
115,115Music_Musical instrument_Percussion_Tambourine_reference.wav,radiopassiveboy,https://freesound.org/people/radiopassiveboy,https://freesound.org/people/radiopassiveboy/sounds/219249
116,116Music_Musical instrument_Percussion_Tubular bells_reference.wav,sandyrb,https://freesound.org/people/sandyrb,https://freesound.org/people/sandyrb/sounds/110409
117,117Music_Musical instrument_Percussion_Wood block_reference.wav,housed1j,https://freesound.org/people/housed1j,https://freesound.org/people/housed1j/sounds/176556
118,118Music_Musical instrument_Plucked string instrument_Banjo_reference.wav,tadworthington,https://freesound.org/people/tadworthington,https://freesound.org/people/tadworthington/sounds/254943
119,119Music_Musical instrument_Plucked string instrument_Guitar_Acoustic guitar_reference.wav,hoerspielwerkstatt_hef,https://freesound.org/people/hoerspielwerkstatt_hef,https://freesound.org/people/hoerspielwerkstatt_hef/sounds/270599
120,120Music_Musical instrument_Plucked string instrument_Guitar_Bass guitar_reference.wav,bcnlab,https://freesound.org/people/bcnlab,https://freesound.org/people/bcnlab/sounds/270710
121,121Music_Musical instrument_Plucked string instrument_Guitar_Electric guitar_reference.wav,casualsamples,https://freesound.org/people/casualsamples,https://freesound.org/people/casualsamples/sounds/64791
122,122Music_Musical instrument_Plucked string instrument_Guitar_Steel guitar_ slide guitar_reference.wav,guitarmaster,https://freesound.org/people/guitarmaster,https://freesound.org/people/guitarmaster/sounds/329507
123,123Music_Musical instrument_Plucked string instrument_Guitar_Strum_reference.wav,upright,https://freesound.org/people/upright,https://freesound.org/people/upright/sounds/131928
124,124Music_Musical instrument_Plucked string instrument_Guitar_Tapping (guitar technique)_reference.wav,isaiah.chentnik,https://freesound.org/people/isaiah.chentnik,https://freesound.org/people/isaiah.chentnik/sounds/52608
125,125Music_Musical instrument_Plucked string instrument_Mandolin_reference.wav,taku19810729,https://freesound.org/people/taku19810729,https://freesound.org/people/taku19810729/sounds/255837
126,126Music_Musical instrument_Plucked string instrument_Sitar_reference.wav,bosone,https://freesound.org/people/bosone,https://freesound.org/people/bosone/sounds/65866
127,127Music_Musical instrument_Plucked string instrument_Ukulele_reference.wav,gadzooks,https://freesound.org/people/gadzooks,https://freesound.org/people/gadzooks/sounds/14879
128,128Music_Musical instrument_Plucked string instrument_Zither_reference.wav,spt3125,https://freesound.org/people/spt3125,https://freesound.org/people/spt3125/sounds/24569
129,129Music_Musical instrument_Scratching (performance technique)_reference.wav,bronxio,https://freesound.org/people/bronxio,https://freesound.org/people/bronxio/sounds/238567
130,130Music_Musical instrument_Singing bowl_reference.wav,oworm,https://freesound.org/people/oworm,https://freesound.org/people/oworm/sounds/82901
131,131Music_Musical instrument_Theremin_reference.wav,noisecollector,https://freesound.org/people/noisecollector,https://freesound.org/people/noisecollector/sounds/7639
132,132Music_Musical instrument_Wind instrument_ woodwind instrument_Bassoon_reference.wav,carlos_vaquero,https://freesound.org/people/carlos_vaquero,https://freesound.org/people/carlos_vaquero/sounds/154324
133,133Music_Musical instrument_Wind instrument_ woodwind instrument_Clarinet_reference.wav,mtg,https://freesound.org/people/mtg,https://freesound.org/people/mtg/sounds/248428
134,134Music_Musical instrument_Wind instrument_ woodwind instrument_Flute_reference.wav,mtg,https://freesound.org/people/mtg,https://freesound.org/people/mtg/sounds/246664
135,135Music_Musical instrument_Wind instrument_ woodwind instrument_Oboe_reference.wav,samulis,https://freesound.org/people/samulis,https://freesound.org/people/samulis/sounds/373653
136,136Music_Musical instrument_Wind instrument_ woodwind instrument_Saxophone_Alto saxophone_reference.wav,clruwe,https://freesound.org/people/clruwe,https://freesound.org/people/clruwe/sounds/119345
137,137Music_Musical instrument_Wind instrument_ woodwind instrument_Saxophone_Soprano saxophone_reference.wav,uauaua,https://freesound.org/people/uauaua,https://freesound.org/people/uauaua/sounds/46693
138,138Natural sounds_Fire_Crackle_reference.wav,martats,https://freesound.org/people/martats,https://freesound.org/people/martats/sounds/138018
139,139Natural sounds_Thunderstorm_Thunder_reference.wav,mrauralization,https://freesound.org/people/mrauralization,https://freesound.org/people/mrauralization/sounds/195985
140,140Natural sounds_Water_Gurgling_reference.wav,woodylein,https://freesound.org/people/woodylein,https://freesound.org/people/woodylein/sounds/213566
141,141Natural sounds_Water_Ocean_Waves_ surf_reference.wav,darren1979,https://freesound.org/people/darren1979,https://freesound.org/people/darren1979/sounds/58416
142,142Natural sounds_Water_Rain_Rain on surface_reference.wav,davidbain,https://freesound.org/people/davidbain,https://freesound.org/people/davidbain/sounds/320473
143,143Natural sounds_Water_Stream_reference.wav,juskiddink,https://freesound.org/people/juskiddink,https://freesound.org/people/juskiddink/sounds/71518
144,144Natural sounds_Water_Steam_Hiss_reference.wav,alienistcog,https://freesound.org/people/alienistcog,https://freesound.org/people/alienistcog/sounds/124018
145,145Natural sounds_Water_Waterfall_reference.wav,a.deathy,https://freesound.org/people/a.deathy,https://freesound.org/people/a.deathy/sounds/44880
146,146Natural sounds_Wind_Howl (wind)_reference.wav,kinoton,https://freesound.org/people/kinoton,https://freesound.org/people/kinoton/sounds/351278
147,147Natural sounds_Wind_Rustling leaves_reference.wav,arclegend05,https://freesound.org/people/arclegend05,https://freesound.org/people/arclegend05/sounds/117884
148,148Sounds of things_Alarm_Air horn_ truck horn_reference.wav,guitarguy1985,https://freesound.org/people/guitarguy1985,https://freesound.org/people/guitarguy1985/sounds/68999
149,149Sounds of things_Alarm_Alarm clock_reference.wav,ylearkisto,https://freesound.org/people/ylearkisto,https://freesound.org/people/ylearkisto/sounds/329894
150,150Sounds of things_Alarm_Bicycle bell_reference.wav,newagesoup,https://freesound.org/people/newagesoup,https://freesound.org/people/newagesoup/sounds/383598
151,151Sounds of things_Alarm_Buzzer_reference.wav,qubodup,https://freesound.org/people/qubodup,https://freesound.org/people/qubodup/sounds/211103
152,152Sounds of things_Alarm_Car alarm_reference.wav,sebbas414,https://freesound.org/people/sebbas414,https://freesound.org/people/sebbas414/sounds/392881
153,153Sounds of things_Alarm_Doorbell_Ding-dong_reference.wav,bennstir,https://freesound.org/people/bennstir/,https://freesound.org/people/bennstir/sounds/81072/
154,154Sounds of things_Alarm_Fire alarm_reference.wav,nigelcoop,https://freesound.org/people/nigelcoop/,https://freesound.org/people/nigelcoop/sounds/210513/
155,155Sounds of things_Alarm_Foghorn_reference.wav,Kinoton,https://freesound.org/people/Kinoton/,https://freesound.org/people/Kinoton/sounds/352374/
156,156Sounds of things_Alarm_Siren_Ambulance (siren)_reference.wav,LanDub,https://freesound.org/people/LanDub/,https://freesound.org/people/LanDub/sounds/184623/
157,157Sounds of things_Alarm_Siren_Civil defense siren_reference.wav,CausticLasagne,https://freesound.org/people/CausticLasagne/,https://freesound.org/people/CausticLasagne/sounds/382620/
158,158Sounds of things_Alarm_Siren_Fire engine_ fire truck (siren)_reference.wav,paubg_pou,https://freesound.org/people/paubg_pou/,https://freesound.org/people/paubg_pou/sounds/111901/
159,159Sounds of things_Alarm_Siren_Police car (siren)_reference.wav,vlammenos,https://freesound.org/people/vlammenos/,https://freesound.org/people/vlammenos/sounds/52906/
160,160Sounds of things_Alarm_Telephone_Busy signal_reference.wav,Felfa,https://freesound.org/people/Felfa/,https://freesound.org/people/Felfa/sounds/178820/
161,161Sounds of things_Alarm_Telephone_Cellphone buzz_ vibrating alert_reference.wav,ThePacifist,https://freesound.org/people/ThePacifist/,https://freesound.org/people/ThePacifist/sounds/349483/
162,162Sounds of things_Alarm_Telephone_Dial tone_reference.wav,hyderpotter,https://freesound.org/people/hyderpotter/,https://freesound.org/people/hyderpotter/sounds/80355/
163,163Sounds of things_Alarm_Telephone_Ringtone_reference.wav,davidferoli,https://freesound.org/people/davidferoli/,https://freesound.org/people/davidferoli/sounds/186255/
164,164Sounds of things_Alarm_Telephone_Telephone bell ringing_reference.wav,kwahmah_02,https://freesound.org/people/kwahmah_02/,https://freesound.org/people/kwahmah_02/sounds/258178/
165,165Sounds of things_Alarm_Telephone_Telephone dialing_ DTMF_reference.wav,,CURRENTLY NOT AVAILABLE ON FREESOUND.ORG,
166,166Sounds of things_Alarm_Vehicle horn_ car horn_ honking_Toot_reference.wav,DomainHunter,https://freesound.org/people/DomainHunter/,https://freesound.org/people/DomainHunter/sounds/370324/
167,167Sounds of things_Alarm_Whistle_Kettle whistle_reference.wav,sethlind,https://freesound.org/people/sethlind/,https://freesound.org/people/sethlind/sounds/265017/
168,168Sounds of things_Bell_Chime_Wind chime_reference.wav,Patrick6410,https://freesound.org/people/Patrick6410/,https://freesound.org/people/Patrick6410/sounds/83512/
169,169Sounds of things_Domestic sounds_ home sounds_Bathtub (filling or washing)_reference.wav,morganveilleaux,https://freesound.org/people/morganveilleux/,https://freesound.org/people/morganveilleux/sounds/389989/
170,170Sounds of things_Domestic sounds_ home sounds_Blender_reference.wav,timlaroche,https://freesound.org/people/timlaroche/,https://freesound.org/people/timlaroche/sounds/71783/
171,171Sounds of things_Domestic sounds_ home sounds_Chopping (food)_reference.wav,lostmaiden,https://freesound.org/people/lostmaiden/,https://freesound.org/people/lostmaiden/sounds/366252/
172,172Sounds of things_Domestic sounds_ home sounds_Coin (dropping)_reference.wav,arseniiv,https://freesound.org/people/arseniiv/,https://freesound.org/people/arseniiv/sounds/257346/
173,173Sounds of things_Domestic sounds_ home sounds_Cupboard open or close_reference.wav,cmusounddesign,https://freesound.org/people/cmusounddesign/,https://freesound.org/people/cmusounddesign/sounds/119880/
174,174Sounds of things_Domestic sounds_ home sounds_Cutlery_ silverware_reference.wav,SophroSineSoundDesign,https://freesound.org/people/SophronsineSoundDesign/,https://freesound.org/people/SophronsineSoundDesign/sounds/267006/
175,175Sounds of things_Domestic sounds_ home sounds_Dishes_ pots_ and pans_reference.wav,giddster,https://freesound.org/people/giddster/,https://freesound.org/people/giddster/sounds/336512/
176,176Sounds of things_Domestic sounds_ home sounds_Door_Knock_reference.wav,chevy1976,https://freesound.org/people/chevy1976/,https://freesound.org/people/chevy1976/sounds/338299/
177,177Sounds of things_Domestic sounds_ home sounds_Door_Slam_reference.wav,altfuture,https://freesound.org/people/altfuture/,https://freesound.org/people/altfuture/sounds/174643/
178,178Sounds of things_Domestic sounds_ home sounds_Door_Sliding door_reference.wav,SwagMuffinPlus,https://freesound.org/people/SwagMuffinPlus/,https://freesound.org/people/SwagMuffinPlus/sounds/176146/
179,179Sounds of things_Domestic sounds_ home sounds_Door_Squeak_reference.wav,joedeshon,https://freesound.org/people/joedeshon/,https://freesound.org/people/joedeshon/sounds/339184/
180,180Sounds of things_Domestic sounds_ home sounds_Drawer open or close_reference.wav,visualasylum,https://freesound.org/people/visualasylum/,https://freesound.org/people/visualasylum/sounds/329785/
181,181Sounds of things_Domestic sounds_ home sounds_Electric shaver_ electric razor_reference.wav,pawsound,https://freesound.org/people/pawsound/,https://freesound.org/people/pawsound/sounds/154844/
182,182Sounds of things_Domestic sounds_ home sounds_Frying (food)_reference.wav,Hannebu,https://freesound.org/people/Hannebu/,https://freesound.org/people/Hannebu/sounds/194806/
183,183Sounds of things_Domestic sounds_ home sounds_Hair dryer_reference.wav,Tomlija,https://freesound.org/people/Tomlija/,https://freesound.org/people/Tomlija/sounds/98342/
184,184Sounds of things_Domestic sounds_ home sounds_Keys jangling_reference.wav,vmgraw,https://freesound.org/people/vmgraw/,https://freesound.org/people/vmgraw/sounds/235614/
185,185Sounds of things_Domestic sounds_ home sounds_Microwave oven_reference.wav,Oddworld,https://freesound.org/people/Oddworld/,https://freesound.org/people/Oddworld/sounds/171252/
186,186Sounds of things_Domestic sounds_ home sounds_Packing tape_ duct tape_reference.wav,Kodack,https://freesound.org/people/Kodack/,https://freesound.org/people/Kodack/sounds/256307/
187,187Sounds of things_Domestic sounds_ home sounds_Scissors_reference.wav,Swoboman87,https://freesound.org/people/Swoboman87/,https://freesound.org/people/Swoboman87/sounds/108453/
188,188Sounds of things_Domestic sounds_ home sounds_Shuffling cards_reference.wav,deathpie,https://freesound.org/people/deathpie/,https://freesound.org/people/deathpie/sounds/19245/
189,189Sounds of things_Domestic sounds_ home sounds_Sink (filling or washing)_reference.wav,Megaman-X-stream,https://freesound.org/people/Mega-X-stream/,https://freesound.org/people/Mega-X-stream/sounds/351927/
190,190Sounds of things_Domestic sounds_ home sounds_Toilet flush_reference.wav,Huminaatio,https://freesound.org/people/Huminaatio/,https://freesound.org/people/Huminaatio/sounds/331897/
191,191Sounds of things_Domestic sounds_ home sounds_Toothbrush_Electric toothbrush_reference.wav,nicStage,https://freesound.org/people/nicStage/,https://freesound.org/people/nicStage/sounds/64454/
192,192Sounds of things_Domestic sounds_ home sounds_Typing_Computer keyboard_reference.wav,EmmaB19,https://freesound.org/people/EmmaB19/,https://freesound.org/people/EmmaB19/sounds/367177/
193,193Sounds of things_Domestic sounds_ home sounds_Typing_Typewriter_reference.wav,WillBurdette,https://freesound.org/people/WillBurdette/,https://freesound.org/people/WillBurdette/sounds/100897/
194,194Sounds of things_Domestic sounds_ home sounds_Vacuum cleaner_reference.wav,bjornredtail,https://freesound.org/people/bjornredtail/,https://freesound.org/people/bjornredtail/sounds/16844/
195,195Sounds of things_Domestic sounds_ home sounds_Velcro_ hook and loop fastener_reference.wav,CassieTee,https://freesound.org/people/CassieTee/,https://freesound.org/people/CassieTee/sounds/231634/
196,196Sounds of things_Domestic sounds_ home sounds_Water tap_ faucet_reference.wav,vmgraw,https://freesound.org/people/vmgraw/,https://freesound.org/people/vmgraw/sounds/235624/
197,197Sounds of things_Domestic sounds_ home sounds_Writing_reference.wav,stijn,https://freesound.org/people/stijn/,https://freesound.org/people/stijn/sounds/43673/
198,198Sounds of things_Domestic sounds_ home sounds_Zipper (clothing)_reference.wav,passAirmangrace,https://freesound.org/people/passAirmangrace/,https://freesound.org/people/passAirmangrace/sounds/340860/
199,199Sounds of things_Engine_Accelerating_ revving_ vroom_reference.wav,biholao,https://freesound.org/people/biholao/,https://freesound.org/people/biholao/sounds/370277/
200,200Sounds of things_Engine_Engine starting_reference.wav,escortmarius,https://freesound.org/people/escortmarius/,https://freesound.org/people/escortmarius/sounds/141533/
201,201Sounds of things_Engine_Idling_reference.wav,Imbubec,https://freesound.org/people/lmbubec/,https://freesound.org/people/lmbubec/sounds/119449/
202,202Sounds of things_Engine_Jet engine_reference.wav,minian89,https://freesound.org/people/minian89/,https://freesound.org/people/minian89/sounds/152540/
203,203Sounds of things_Engine_Light engine (high frequency)_Chainsaw_reference.wav,ivolipa,https://freesound.org/people/ivolipa/,https://freesound.org/people/ivolipa/sounds/345995/
204,204Sounds of things_Engine_Light engine (high frequency)_Dental drill_ dentist_s drill_reference.wav,acclivity,https://freesound.org/people/acclivity/,https://freesound.org/people/acclivity/sounds/55020/
205,205Sounds of things_Engine_Light engine (high frequency)_Lawn mower_reference.wav,squashy555,https://freesound.org/people/squashy555/,https://freesound.org/people/squashy555/sounds/274296/
206,206Sounds of things_Engine_Medium engine (mid frequency)_reference.wav,leiki,https://freesound.org/people/leiki/,https://freesound.org/people/leiki/sounds/7722/
207,207Sounds of things_Explosion_Boom_Sonic boom_reference.wav,qubodup,https://freesound.org/people/qubodup/,https://freesound.org/people/qubodup/sounds/182050/
208,208Sounds of things_Explosion_Burst_ pop_reference.wav,Gniffelbaf,https://freesound.org/people/Gniffelbaf/,https://freesound.org/people/Gniffelbaf/sounds/82109/
209,209Sounds of things_Explosion_Eruption_reference.wav,Hendrik,https://freesound.org/people/Hendrik/,https://freesound.org/people/Hendrik/sounds/176589/
210,210Sounds of things_Explosion_Fireworks_Firecracker_reference.wav,InspectorJ,https://freesound.org/people/InspectorJ/,https://freesound.org/people/InspectorJ/sounds/328864/
211,211Sounds of things_Explosion_Gunshot_ gunfire_Artillery fire_reference.wav,qubodup,https://freesound.org/people/qubodup/,https://freesound.org/people/qubodup/sounds/187767/
212,212Sounds of things_Explosion_Gunshot_ gunfire_Cap gun_reference.wav,NoiseCollector,https://freesound.org/people/NoiseCollector/,https://freesound.org/people/NoiseCollector/sounds/126813/
213,213Sounds of things_Explosion_Gunshot_ gunfire_Fusillade_reference.wav,Julien Nicolas,https://freesound.org/people/Julien%20Nicolas/,https://freesound.org/people/Julien%20Nicolas/sounds/133796/
214,214Sounds of things_Explosion_Gunshot_ gunfire_Machine gun_reference.wav,qubodup,https://freesound.org/people/qubodup/,https://freesound.org/people/qubodup/sounds/67578/
215,215Sounds of things_Glass_Chink_ clink_reference.wav,Sevin7,https://freesound.org/people/Sevin7/,https://freesound.org/people/Sevin7/sounds/341068/
216,216Sounds of things_Glass_Shatter_reference.wav,InspectorJ,https://freesound.org/people/InspectorJ/,https://freesound.org/people/InspectorJ/sounds/344266/
217,217Sounds of things_Liquid_Boiling_reference.wav,harrybates01,https://freesound.org/people/harrybates01/,https://freesound.org/people/harrybates01/sounds/242877/
218,218Sounds of things_Liquid_Drip_reference.wav,syrinscape,https://freesound.org/people/syrinscape/,https://freesound.org/people/syrinscape/sounds/207570/
219,219Sounds of things_Liquid_Fill (with liquid)_reference.wav,junkfood2121,https://freesound.org/people/junkfood2121/,https://freesound.org/people/junkfood2121/sounds/220283/
220,220Sounds of things_Liquid_Pour_Gush_reference.wav,jakobthiesen,https://freesound.org/people/jakobthiesen/,https://freesound.org/people/jakobthiesen/sounds/100498/
221,221Sounds of things_Liquid_Pour_Trickle_ dribble_reference.wav,sangtao,https://freesound.org/people/sangtao/,https://freesound.org/people/sangtao/sounds/189669/
222,222Sounds of things_Liquid_Pump (liquid)_reference.wav,RG_Campus,https://freesound.org/people/RG_Campus/,https://freesound.org/people/RG_Campus/sounds/393322/
223,223Sounds of things_Liquid_Splash_ splatter_Slosh_reference.wav,InspectorJ,https://freesound.org/people/InspectorJ/,https://freesound.org/people/InspectorJ/sounds/352099/
224,224Sounds of things_Liquid_Spray_reference.wav,OwlStorm,https://freesound.org/people/OwlStorm/,https://freesound.org/people/OwlStorm/sounds/212178/
225,225Sounds of things_Liquid_Squish_reference.wav,MWLANDI,https://freesound.org/people/MWLANDI/,https://freesound.org/people/MWLANDI/sounds/85856/
226,226Sounds of things_Liquid_Stir_reference.wav,jc144940,https://freesound.org/people/jc144940/,https://freesound.org/people/jc144940/sounds/178730/
227,227Sounds of things_Mechanisms_Air conditioning_reference.wav,zolopher,https://freesound.org/people/zolopher/,https://freesound.org/people/zolopher/sounds/73524/
228,228Sounds of things_Mechanisms_Camera_Single-lens reflex camera_reference.wav,uEffects,https://freesound.org/people/uEffects/,https://freesound.org/people/uEffects/sounds/207865/
229,229Sounds of things_Mechanisms_Cash register_reference.wav,kiddpark,https://freesound.org/people/kiddpark/,https://freesound.org/people/kiddpark/sounds/201159/
230,230Sounds of things_Mechanisms_Clock_Tick_reference.wav,joedeshon,https://freesound.org/people/joedeshon/,https://freesound.org/people/joedeshon/sounds/78563/
231,231Sounds of things_Mechanisms_Clock_Tick-tock_reference.wav,Pogotron,https://freesound.org/people/Pogotron/,https://freesound.org/people/Pogotron/sounds/60811/
232,232Sounds of things_Mechanisms_Gears_reference.wav,Vurca,https://freesound.org/people/Vurca/,https://freesound.org/people/Vurca/sounds/315753/
233,233Sounds of things_Mechanisms_Mechanical fan_reference.wav,Cambra,https://freesound.org/people/Cambra/,https://freesound.org/people/Cambra/sounds/102710/
234,234Sounds of things_Mechanisms_Printer_reference.wav,ArcLegend05,https://freesound.org/people/ArcLegend05/,https://freesound.org/people/ArcLegend05/sounds/118066/
235,235Sounds of things_Mechanisms_Pulleys_reference.wav,FreqMan,https://freesound.org/people/FreqMan/,https://freesound.org/people/FreqMan/sounds/40556/
236,236Sounds of things_Mechanisms_Ratchet_ pawl_reference.wav,theshaggyfreak,https://freesound.org/people/theshaggyfreak/,https://freesound.org/people/theshaggyfreak/sounds/294438/
237,237Sounds of things_Mechanisms_Sewing machine_reference.wav,j1987,https://freesound.org/people/j1987/,https://freesound.org/people/j1987/sounds/72674/
238,238Sounds of things_Miscellaneous sources_Arrow_Thump_ thud_Clunk_reference.wav,Robinhood76,https://freesound.org/people/Robinhood76/,https://freesound.org/people/Robinhood76/sounds/126464/
239,239Sounds of things_Miscellaneous sources_Duck call (hunting tool)_reference.wav,Jonnyhoff91,https://freesound.org/people/Jonnyhoff91/,https://freesound.org/people/Jonnyhoff91/sounds/187261/
240,240Sounds of things_Miscellaneous sources_Sonar_reference.wav,DigiSample,https://freesound.org/people/DigiSample/,https://freesound.org/people/DigiSample/sounds/210873/
241,241Sounds of things_Specific impact sounds_Basketball bounce_reference.wav,Cribbler,https://freesound.org/people/Cribbler/,https://freesound.org/people/Cribbler/sounds/396308/
242,242Sounds of things_Tools_Filing (rasp)_reference.wav,aerror,https://freesound.org/people/aerror/,https://freesound.org/people/aerror/sounds/328763/
243,243Sounds of things_Tools_Hammer_reference.wav,Dvideoguy,https://freesound.org/people/Dvideoguy/,https://freesound.org/people/Dvideoguy/sounds/207782/
244,244Sounds of things_Tools_Jackhammer_reference.wav,ignotus,https://freesound.org/people/ignotus/,https://freesound.org/people/ignotus/sounds/14772/
245,245Sounds of things_Tools_Power tool_Drill_Dental drill_ dentist_s drill_reference.wav,LuannWepener,https://freesound.org/people/LuannWepener/,https://freesound.org/people/LuannWepener/sounds/326102/
246,246Sounds of things_Tools_Sanding_reference.wav,1san,https://freesound.org/people/1san/,https://freesound.org/people/1san/sounds/366727/
247,247Sounds of things_Tools_Sawing_reference.wav,deleted_user_7146007,https://freesound.org/people/deleted_user_7146007/,https://freesound.org/people/deleted_user_7146007/sounds/383725/
248,248Sounds of things_Vehicle_Aircraft_Aircraft engine_Propeller_ airscrew_reference.wav,JillianCallahan,https://freesound.org/people/JillianCallahan/,https://freesound.org/people/JillianCallahan/sounds/12812/
249,249Sounds of things_Vehicle_Aircraft_Fixed-wing aircraft_ airplane_reference.wav,Aiyumi,https://freesound.org/people/Aiyumi/,https://freesound.org/people/Aiyumi/sounds/341113/
250,250Sounds of things_Vehicle_Aircraft_Helicopter_reference.wav,Akc1231,https://freesound.org/people/Akc1231/,https://freesound.org/people/Akc1231/sounds/340802/
251,251Sounds of things_Vehicle_Boat_ Water vehicle_Motorboat_ speedboat_reference.wav,fkunze,https://freesound.org/people/fkunze/,https://freesound.org/people/fkunze/sounds/249843/
252,252Sounds of things_Vehicle_Boat_ Water vehicle_Rowboat_ canoe_ kayak_reference.wav,YleArkisto,https://freesound.org/people/YleArkisto/,https://freesound.org/people/YleArkisto/sounds/251518/
253,253Sounds of things_Vehicle_Boat_ Water vehicle_Sailboat_ sailing ship_reference.wav,YleArkisto,https://freesound.org/people/YleArkisto/,https://freesound.org/people/YleArkisto/sounds/342745/
254,254Sounds of things_Vehicle_Boat_ Water vehicle_Ship_reference.wav,zaem,https://freesound.org/people/zaem/,https://freesound.org/people/zaem/sounds/232437/
255,255Sounds of things_Vehicle_Motor vehicle (road)_Bus_reference.wav,stereodivo,https://freesound.org/people/stereodivo/,https://freesound.org/people/stereodivo/sounds/101823/
256,256Sounds of things_Vehicle_Motor vehicle (road)_Car_Car alarm_reference.wav,Kinoton,https://freesound.org/people/Kinoton/,https://freesound.org/people/Kinoton/sounds/383219/
257,257Sounds of things_Vehicle_Motor vehicle (road)_Car_Car passing by_reference.wav,audio_stock,https://freesound.org/people/audio_stock/,https://freesound.org/people/audio_stock/sounds/377003/
258,258Sounds of things_Vehicle_Motor vehicle (road)_Car_Power windows_ electric windows_reference.wav,theshaggyfreak,https://freesound.org/people/theshaggyfreak/,https://freesound.org/people/theshaggyfreak/sounds/276274/
259,259Sounds of things_Vehicle_Motor vehicle (road)_Car_Race car_ auto racing_reference.wav,rfhache,https://freesound.org/people/rfhache/,https://freesound.org/people/rfhache/sounds/63105/
260,260Sounds of things_Vehicle_Motor vehicle (road)_Car_Skidding_reference.wav,audible-edge,https://freesound.org/people/audible-edge/,https://freesound.org/people/audible-edge/sounds/76804/
261,261Sounds of things_Vehicle_Motor vehicle (road)_Car_Vehicle horn_ car horn_ honking_Toot_reference.wav,qubodup,https://freesound.org/people/qubodup/,https://freesound.org/people/qubodup/sounds/185479/
262,262Sounds of things_Vehicle_Motor vehicle (road)_Emergency vehicle_Ambulance (siren)_reference.wav,dggrunzweig,https://freesound.org/people/dggrunzweig/,https://freesound.org/people/dggrunzweig/sounds/341553/
263,263Sounds of things_Vehicle_Motor vehicle (road)_Emergency vehicle_Fire engine_ fire truck (siren)_reference.wav,AdmNaismith,https://freesound.org/people/AdmNaismith/,https://freesound.org/people/AdmNaismith/sounds/175914/
264,264Sounds of things_Vehicle_Motor vehicle (road)_Emergency vehicle_Police car (siren)_reference.wav,MultiMax2121,https://freesound.org/people/MultiMax2121/,https://freesound.org/people/MultiMax2121/sounds/156869/
265,265Sounds of things_Vehicle_Motor vehicle (road)_Motorcycle_reference.wav,StephenSaldanha,https://freesound.org/people/StephenSaldanha/,https://freesound.org/people/StephenSaldanha/sounds/133731/
266,266Sounds of things_Vehicle_Motor vehicle (road)_Traffic noise_ roadway noise_reference.wav,jcgd2,https://freesound.org/people/jcgd2/,https://freesound.org/people/jcgd2/sounds/131259/
267,267Sounds of things_Vehicle_Motor vehicle (road)_Truck_Air brake_reference.wav,beroland1,https://freesound.org/people/beroland1/,https://freesound.org/people/beroland1/sounds/167428/
268,268Sounds of things_Vehicle_Motor vehicle (road)_Truck_Air horn_ truck horn_reference.wav,mcpable,https://freesound.org/people/mcpable/,https://freesound.org/people/mcpable/sounds/131930/
269,269Sounds of things_Vehicle_Motor vehicle (road)_Truck_Ice cream truck_ ice cream van_reference.wav,casemundy,https://freesound.org/people/casemundy/,https://freesound.org/people/casemundy/sounds/130582/
270,270Sounds of things_Vehicle_Motor vehicle (road)_Truck_Reversing beeps_reference.wav,tambascot,https://freesound.org/people/tambascot/,https://freesound.org/people/tambascot/sounds/196567/
271,271Sounds of things_Vehicle_Non-motorized land vehicle_Bicycle_Bicycle bell_reference.wav,Pastabra,https://freesound.org/people/Pastabra/,https://freesound.org/people/Pastabra/sounds/365994/
272,272Sounds of things_Vehicle_Non-motorized land vehicle_Skateboard_reference.wav,barcelonetasonora,https://freesound.org/people/barcelonetasonora/,https://freesound.org/people/barcelonetasonora/sounds/189844/
273,273Sounds of things_Vehicle_Rail transport_Railroad car_ train wagon_reference.wav,winsx87,https://freesound.org/people/winsx87/,https://freesound.org/people/winsx87/sounds/152016/
274,274Sounds of things_Vehicle_Rail transport_Subway_ metro_ underground_reference.wav,Glaneur de sons,https://freesound.org/people/Glaneur%20de%20sons/,https://freesound.org/people/Glaneur%20de%20sons/sounds/24360/
275,275Sounds of things_Vehicle_Rail transport_Train wheels squealing_reference.wav,Tritus,https://freesound.org/people/Tritus/,https://freesound.org/people/Tritus/sounds/223045/
276,276Sounds of things_Vehicle_Rail transport_Train_Train horn_reference.wav,nnus,https://freesound.org/people/nnus/,https://freesound.org/people/nnus/sounds/126555/
277,277Sounds of things_Vehicle_Rail transport_Train_Train whistle_reference.wav,Ryding,https://freesound.org/people/Ryding/,https://freesound.org/people/Ryding/sounds/338963/
278,278Sounds of things_Wood_Chop_reference.wav,hazure,https://freesound.org/people/hazure/,https://freesound.org/people/hazure/sounds/23700/
279,279Sounds of things_Wood_Crack_reference.wav,InspectorJ,https://freesound.org/people/InspectorJ/,https://freesound.org/people/InspectorJ/sounds/352513/
280,280Sounds of things_Wood_Snap_reference.wav,Mountain852,https://freesound.org/people/Mountain852/,https://freesound.org/people/Mountain852/sounds/365815/
281,281Sounds of things_Wood_Splinter_reference.wav,dheming,https://freesound.org/people/dheming/,https://freesound.org/people/dheming/sounds/128408/
282,282Source-ambiguous sounds_Deformable shell_Crumpling_ crinkling_reference.wav,aldenroth2,https://freesound.org/people/aldenroth2/,https://freesound.org/people/aldenroth2/sounds/272015/
283,283Source-ambiguous sounds_Deformable shell_Crushing_reference.wav,cmusounddesign,https://freesound.org/people/cmusounddesign/,https://freesound.org/people/cmusounddesign/sounds/71934/
284,284Source-ambiguous sounds_Deformable shell_Tearing_reference.wav,mikaelfernstrom,https://freesound.org/people/mikaelfernstrom/,https://freesound.org/people/mikaelfernstrom/sounds/68732/
285,285Source-ambiguous sounds_Generic impact sounds_Bang_reference.wav,Werra,https://freesound.org/people/Werra/,https://freesound.org/people/Werra/sounds/244394/
286,286Source-ambiguous sounds_Generic impact sounds_Bouncing_reference.wav,impulse94,https://freesound.org/people/impulse94/,https://freesound.org/people/impulse94/sounds/264127/
287,287Source-ambiguous sounds_Generic impact sounds_Breaking_reference.wav,rodincoil,https://freesound.org/people/rodincoil/,https://freesound.org/people/rodincoil/sounds/321143/
288,288Source-ambiguous sounds_Generic impact sounds_Flap_reference.wav,Sauron974,https://freesound.org/people/Sauron974/,https://freesound.org/people/Sauron974/sounds/188733/
289,289Source-ambiguous sounds_Generic impact sounds_Knock_reference.wav,kbnevel,https://freesound.org/people/kbnevel/,https://freesound.org/people/kbnevel/sounds/119833/
290,290Source-ambiguous sounds_Generic impact sounds_Slap_ smack_reference.wav,jmmcdona04,https://freesound.org/people/jmmcdona04/,https://freesound.org/people/jmmcdona04/sounds/161042/
291,291Source-ambiguous sounds_Generic impact sounds_Smash_ crash_reference.wav,CGEffex,https://freesound.org/people/CGEffex/,https://freesound.org/people/CGEffex/sounds/99960/
292,292Source-ambiguous sounds_Generic impact sounds_Tap_reference.wav,hasbrouck,https://freesound.org/people/hasbrouck/,https://freesound.org/people/hasbrouck/sounds/221750/
293,293Source-ambiguous sounds_Generic impact sounds_Thump_ thud_Clunk_reference.wav,soundmary,https://freesound.org/people/soundmary/,https://freesound.org/people/soundmary/sounds/194994/
294,294Source-ambiguous sounds_Generic impact sounds_Thump_ thud_Thunk_reference.wav,theshaggyfreak,https://freesound.org/people/theshaggyfreak/,https://freesound.org/people/theshaggyfreak/sounds/274934/
295,295Source-ambiguous sounds_Generic impact sounds_Whack_ thwack_reference.wav,Project_Trident,https://freesound.org/people/Project_Trident/,https://freesound.org/people/Project_Trident/sounds/141170/
296,296Source-ambiguous sounds_Generic impact sounds_Whip_reference.wav,snowflakes,https://freesound.org/people/snowflakes/,https://freesound.org/people/snowflakes/sounds/72190/
297,297Source-ambiguous sounds_Surface contact_Grind_reference.wav,Puniho,https://freesound.org/people/Puniho/,https://freesound.org/people/Puniho/sounds/231296/
298,298Source-ambiguous sounds_Surface contact_Roll_reference.wav,Puniho,https://freesound.org/people/Puniho/,https://freesound.org/people/Puniho/sounds/116679/
299,299Source-ambiguous sounds_Surface contact_Rub_reference.wav,dobroide,https://freesound.org/people/dobroide/,https://freesound.org/people/dobroide/sounds/46293/
300,300Source-ambiguous sounds_Surface contact_Scrape_reference.wav,willpio,https://freesound.org/people/willpio/,https://freesound.org/people/willpio/sounds/29587/
301,301Source-ambiguous sounds_Surface contact_Scratch_reference.wav,fattirewhitey,https://freesound.org/people/fattirewhitey/,https://freesound.org/people/fattirewhitey/sounds/397127/